{"cameraMode":{"drawMode":0,"name":"Shaded","section":"Shading Mode"},"sceneLighting":false,"audioPlay":false,"sceneViewState":{"m_AlwaysRefresh":false,"showFog":true,"showSkybox":true,"showFlares":true,"showImageEffects":true,"showParticleSystems":true,"showVisualEffectGraphs":true,"m_FxEnabled":true},"in2DMode":false,"pivot":{"x":17.116539001464845,"y":0.6250001788139343,"z":0.3361525535583496},"rotation":{"x":0.18736281991004945,"y":0.23894207179546357,"z":-0.04704364761710167,"w":0.95163494348526},"size":2.750307083129883,"orthographic":false}