{"cameraMode":{"drawMode":0,"name":"Shaded","section":"Shading Mode"},"sceneLighting":false,"audioPlay":false,"sceneViewState":{"m_AlwaysRefresh":false,"showFog":true,"showSkybox":true,"showFlares":true,"showImageEffects":true,"showParticleSystems":true,"showVisualEffectGraphs":true,"m_FxEnabled":true},"in2DMode":false,"pivot":{"x":14.15206527709961,"y":-3.3397088050842287,"z":2.1661174297332765},"rotation":{"x":0.38038718700408938,"y":0.22798310220241548,"z":-0.09732893854379654,"w":0.8909927606582642},"size":9.130196571350098,"orthographic":false}