{"cameraMode":{"drawMode":0,"name":"Shaded","section":"Shading Mode"},"sceneLighting":false,"audioPlay":false,"sceneViewState":{"m_AlwaysRefresh":false,"showFog":true,"showSkybox":false,"showFlares":true,"showImageEffects":true,"showParticleSystems":true,"showVisualEffectGraphs":true,"m_FxEnabled":true},"in2DMode":false,"pivot":{"x":-0.9588758945465088,"y":-0.14851784706115724,"z":-1.0503849983215333},"rotation":{"x":0.22256925702095033,"y":-0.4904731512069702,"z":0.13119447231292725,"w":0.8323310613632202},"size":2.178173542022705,"orthographic":false}