{"cameraMode":{"drawMode":0,"name":"Shaded","section":"Shading Mode"},"sceneLighting":false,"audioPlay":false,"sceneViewState":{"m_AlwaysRefresh":false,"showFog":true,"showSkybox":false,"showFlares":true,"showImageEffects":true,"showParticleSystems":true,"showVisualEffectGraphs":true,"m_FxEnabled":true},"in2DMode":false,"pivot":{"x":0.1660536229610443,"y":0.6940340995788574,"z":-1.9945273399353028},"rotation":{"x":0.014353864826261998,"y":-0.98027503490448,"z":0.18173335492610932,"w":0.07721034437417984},"size":2.0545403957366945,"orthographic":false}