{"cameraMode":{"drawMode":0,"name":"Shaded","section":"Shading Mode"},"sceneLighting":false,"audioPlay":false,"sceneViewState":{"m_AlwaysRefresh":false,"showFog":true,"showSkybox":false,"showFlares":true,"showImageEffects":true,"showParticleSystems":true,"showVisualEffectGraphs":true,"m_FxEnabled":true},"in2DMode":false,"pivot":{"x":0.04046285152435303,"y":0.24845898151397706,"z":-0.20671582221984864},"rotation":{"x":0.3327641487121582,"y":0.08892762660980225,"z":-0.03154096379876137,"w":0.9382936954498291},"size":0.5991803407669067,"orthographic":false}