{"cameraMode":{"drawMode":0,"name":"Shaded","section":"Shading Mode"},"sceneLighting":false,"audioPlay":false,"sceneViewState":{"m_AlwaysRefresh":false,"showFog":false,"showSkybox":false,"showFlares":false,"showImageEffects":false,"showParticleSystems":false,"showVisualEffectGraphs":true,"m_FxEnabled":true},"in2DMode":false,"pivot":{"x":0.0007567405700683594,"y":0.8937301635742188,"z":-0.015993446111679078},"rotation":{"x":0.22463560104370118,"y":-0.04529191181063652,"z":0.01048651710152626,"w":0.9733741283416748},"size":1.417060136795044,"orthographic":false}